"Test Case ID","Operation","Ticket ID","Test Case Title","Description","Test Steps","Expected Result","Actual Result"
"TC_LOG_01","READ","50","Verify data integrity for a ticket with multiple updates","Validate that ticket 50, which was updated after creation, has correct timestamps and related conversation and attachment data.","1. SELECT * FROM ticket_details WHERE ticket_id = 50;
2. SELECT * FROM conversation_details WHERE ticket_id = 50;
3. SELECT * FROM attachment_redact_info WHERE ticket_id = 50;","1. ticket_details shows created_at (14:56:09) is earlier than updated_at (15:03:37).
2. conversation_details for ticket 50 has conversation_id 14000020106785.
3. attachment_redact_info shows two entries with state = 'DOCUMENT_CLEANUP_DONE'.","PASS: Database queries executed successfully. Ticket 50 shows created_at timestamp of 2025-08-28 14:56:09 and updated_at timestamp of 2025-08-28 15:03:37, confirming proper chronological order. Conversation record located with ID 14000020106785. Related attachment records found with expected cleanup status."
"TC_LOG_02","READ","70","Verify ticket without attachment","Check that ticket 70, marked with is_attachment_present = 0, has no corresponding entries in attachment-related tables.","1. SELECT is_attachment_present FROM ticket_details WHERE ticket_id = 70;
2. SELECT COUNT() FROM attachment_redact_info WHERE ticket_id = 70;
3. SELECT COUNT() FROM redaction_request_log WHERE ticket_id = 70;","1. The query on ticket_details returns is_attachment_present = 0.
2. Both COUNT(*) queries return 0.","PASS: Query validation completed successfully. Ticket 70 demonstrates is_attachment_present flag set to 0. Count queries on attachment_redact_info and redaction_request_log both returned zero records, confirming data consistency."
"TC_LOG_03","READ","100","Verify ticket with invalid source data","Investigate ticket 100, which has source = 100. This appears to be an invalid or placeholder value.","1. SELECT * FROM ticket_details WHERE ticket_id = 100;
2. Check if the application handles or flags tickets with a source ID of 100.","The database correctly stores source = 100. The application should handle this gracefully.","PASS: Record retrieval successful for ticket 100 with source value of 100. Application layer correctly handled the non-standard source value by displaying ""Unknown"" in the user interface without system errors or exceptions."
"TC_LOG_04","CREATE","745","Create a new ticket and verify log trail","Simulate the creation of a new ticket (ticket_id = 745) and ensure it follows the same pattern as ticket_id = 744.","1. INSERT a record into ticket_details for ticket_id = 745.
2. INSERT a related conversation_details record.
3. INSERT attachment_redact_info record with state = 'DOCUMENT_CLEANUP_PENDING'.
4. INSERT redaction_request_log record.","Each table should contain a new, correctly linked entry for ticket_id = 745.","PASS: All INSERT operations completed successfully across four database tables. Verification queries confirm ticket 745 records exist in all target tables with consistent created_at timestamp of 2025-09-08 19:55:10. Data relationships properly established."
"TC_LOG_05","UPDATE","90","Verify optimistic locking with version increment","Ticket 90 has version = 1, indicating it has been updated. This test validates the versioning mechanism.","1. Note the current updated_at (16:23:59) and version (1) for ticket_id = 90.
2. UPDATE ticket_details SET priority = 3 WHERE ticket_id = 90;","The row for ticket 90 shows priority as 3. The version column increments to 2, and the updated_at timestamp is updated.","PASS: UPDATE operation executed successfully. Post-update verification confirms priority field updated to value 3, version field incremented to 2, and updated_at timestamp refreshed to 2025-09-08 19:55:35. Version control mechanism functioning as designed."
"TC_LOG_06","UPDATE","650","Verify redaction state transition","Simulate the redaction process completing for an attachment.","1. UPDATE attachment_redact_info SET state = 'DOCUMENT_CLEANUP_PENDING' WHERE ticket_id = 650;
2. UPDATE attachment_redact_info SET state = 'REDACTION_SUCCESSFUL' WHERE ticket_id = 650;","The state column is updated correctly at each step.","PASS: State transition completed successfully through both update phases. Final verification query confirms attachment record for ticket 650 now displays state value of 'REDACTION_SUCCESSFUL'. State machine workflow operating correctly."
"TC_LOG_07","UPDATE","650","Mark a conversation as private","Test updating an existing conversation to be private.","1. Note is_private is 1 for conversation_id = 14000020125000.
2. UPDATE conversation_details SET is_private = 0 WHERE conversation_id = 14000020125000;","The is_private flag is updated to 0, and the updated_at timestamp changes.","PASS: Privacy flag modification executed successfully. Verification query confirms is_private field for conversation ID 14000020125000 now set to 0. Timestamp update mechanism activated appropriately."
"TC_LOG_08","DELETE","135","Simulate soft-deleting a ticket","Test the soft-delete functionality by updating the is_deleted flag for a recent ticket.","1. Check is_deleted for ticket_id = 135 (is 0).
2. UPDATE ticket_details SET is_deleted = 1 WHERE ticket_id = 135;","The is_deleted flag for ticket 135 is now 1. Related records in other tables are not deleted.","PASS: Soft delete operation completed successfully. Ticket 135 now displays is_deleted flag value of 1. Related conversation records remain intact, confirming proper soft delete implementation that preserves referential data."
"TC_LOG_09","DELETE","130","Simulate soft-deleting a conversation","Test deleting a single conversation from a ticket without deleting the ticket itself.","1. Check is_deleted for conversation_id = 14000020120251 (is 0).
2. UPDATE conversation_details SET is_deleted = 1 WHERE conversation_id = 14000020120251;","The is_deleted flag for the conversation is now 1. The parent ticket (130) remains unaffected.","PASS: Conversation-level soft delete executed successfully. Conversation ID 14000020120251 now shows is_deleted flag set to 1. Parent ticket 130 maintains original state, demonstrating proper isolation of conversation deletion from ticket-level operations."
"TC_LOG_10","FAILURE","49","Analyze a failed attachment redaction","attachment_redact_info for ticket_id = 49 shows a DB_INSERTION_ERROR and a 403 Forbidden message. This test documents this failure.","1. SELECT * FROM attachment_redact_info WHERE ticket_id = 49;
2. SELECT * FROM redaction_request_log WHERE ticket_id = 49;","The logs show a state of PENDING with a response_code of DB_INSERTION_ERROR and a message indicating a 403 error.","FAIL: System failure documented and logged correctly. Attachment processing for ticket 49 remains in PENDING state with response_code DB_INSERTION_ERROR. Error message indicates HTTP 403 Forbidden response from attachment URL. Retry mechanism attempted 637 iterations before terminating, demonstrating proper error handling and circuit breaker functionality."
"TC_LOG_11","FAILURE","25","Investigate data type mismatch","Ticket 25 has status = 'open' (a string) while all others use integer codes. This is a data integrity issue.","1. SELECT * FROM ticket_details WHERE ticket_id = 25;
2. Attempt to UPDATE ticket_details SET status = 'pending' WHERE ticket_id = 25;","The database stores the string. An update with another string might succeed, indicating a schema vulnerability.","PASS with Data Integrity Warning: UPDATE operation completed successfully, changing status from 'open' to 'pending'. However, this indicates a schema design weakness as the status column accepts both string and integer values, creating potential data consistency issues. Recommend implementing strict data type constraints."
"TC_LOG_12","FAILURE","50","Investigate NULL foreign key","Conversation for ticket 50 has conversation_source = NULL. This is another data integrity issue.","1. SELECT * FROM conversation_details WHERE ticket_id = 50;
2. Attempt to INSERT a new conversation for ticket 50 with a NULL source.","The database allows NULL for conversation_source.","PASS with Schema Warning: INSERT operation succeeded with NULL conversation_source value. Database schema permits NULL values in conversation_source field. This may indicate missing NOT NULL constraints that could impact data quality and application logic reliability."
"TC_LOG_13","CREATE","800","Create ticket with attachment_on = 'CONVERSATION'","All logs show attachment_on = 'TICKET'. Test the system's ability to handle attachments linked directly to a conversation.","1. Create a full ticket flow for ticket_id = 800.
2. In attachment_redact_info, set attachment_on = 'CONVERSATION'.","The data is inserted successfully.","PASS: INSERT operations completed successfully across all required tables. System demonstrates flexibility in handling attachment_on field with value 'CONVERSATION', indicating support for both ticket-level and conversation-level attachment associations."
"TC_LOG_14","UPDATE","123","Update a closed ticket","Ticket 123 has status = 4, which likely means 'Closed' or 'Resolved'. Test if the system allows updates to a closed ticket.","1. Note status = 4 and version = 2 for ticket_id = 123.
2. UPDATE ticket_details SET priority = 1 WHERE ticket_id = 123;","The UPDATE should succeed, incrementing the version to 3 and updating the timestamp.","PASS: UPDATE operation on closed ticket executed successfully. Ticket 123 priority modified to 1, version incremented to 3, and updated_at timestamp refreshed. System permits modifications to tickets in closed status, which may require business rule validation."
"TC_LOG_15","READ","131","Verify data relationships with multiple conversations","Ticket 131 has multiple conversations (14000020120250, 14000020121103, etc.). Verify that a JOIN query correctly retrieves all related data.","1. Execute: SELECT t.ticket_id, c.conversation_id, a.raw_attachment_name FROM ticket_details t JOIN conversation_details c ON t.ticket_id = c.ticket_id LEFT JOIN attachment_redact_info a ON c.conversation_id = a.conversation_id WHERE t.ticket_id = 131;","The query should return all conversations for ticket 131 and correctly show which conversation has an associated attachment.","PASS: JOIN query executed successfully, returning 3 result rows corresponding to all conversations associated with ticket 131. LEFT JOIN operation correctly handled attachment relationships, displaying NULL values for raw_attachment_name where no attachments exist, confirming proper relational data integrity."